<?xml version="1.0" encoding="UTF-8"?>
<project-private xmlns="http://www.netbeans.org/ns/project-private/1">
    <editor-bookmarks xmlns="http://www.netbeans.org/ns/editor-bookmarks/1"/>
    <editor-bookmarks xmlns="http://www.netbeans.org/ns/editor-bookmarks/2" lastBookmarkId="0"/>
    <open-files xmlns="http://www.netbeans.org/ns/projectui-open-files/2">
        <group>
            <file>file:/Users/TrongDuyDao/Desktop/Teaching/Fall2018/PE/PRO192/Fall2018.Sample/Set0/Question/Final-Q1/Q11/Given/src/Teacher.java</file>
        </group>
    </open-files>
</project-private>
